backlink,status_code,is_doFollow,is_exist,target_url,position,anchor_text,anchor_type,externalLinks,hasManyBacklinks,ip,countryCode,country,from_spam_heavy_country,rank,pagerank,backlink_rank,page_rank,domain_rank,AlexaTrafficRank,AlexaReach,AlexaRank,AlexaRankCountry,AlexaRankCountryCode,page_number
"https://worldrankdirectory.com/website-list-1203/","200","True","True","https://zdrbs.com","body","zdrbs","anchor","","False","","","","False","","","E","E","C+","","","","","","3"
"https://infokontak.com/Misi_Jepang_ke_Kekaisaran_Tiongkok","200","True","True","https://zdrbs.com","body","中日交渉史料目録 - Inventarisir pembicaraan Sejarah Tiongkok","anchor","","False","","","","False","","","E","E","E","","","","","","3"
"https://wiki386.com/en/Japanese_missions_to_Imperial_China","200","True","True","https://zdrbs.com","body","中日交渉史料目録","anchor","","False","","","","False","","","E","D-","A+","","","","","","3"
"https://sureprofitscoach.com/website-list-1203/","200","True","True","https://zdrbs.com","body","zdrbs","anchor","","False","","","","False","","","E","E","C","","","","","","3"
"https://wikiterminal.com/en/Japanese_missions_to_Imperial_China","200","True","True","https://zdrbs.com","body","中日交渉史料目録","anchor","","False","","","","False","","","E","D-","A+","","","","","","3"
"https://postlinkdirectory.com/website-list-1203/","200","True","True","https://zdrbs.com","body","zdrbs","anchor","","False","","","","False","","","E","E","C+","","","","","","3"
"https://es-academic.com/dic.nsf/eswiki/1380983","200","True","True","https://zdrbs.com","body","中日交渉史料目録","anchor","","False","","","","False","","","E","D+","A+","","","","","","3"
"https://www.wikizero.net/wiki/en/Japanese_missions_to_Imperial_China","200","True","True","https://zdrbs.com","body","中日交渉史料目録","anchor","","False","","","","False","","","E","E","B-","","","","","","3"
"https://seobacklinks.agency/professional-high-quality-dofollow-link-building-for-your-website-seo-12223/","200","True","True","https://zdrbs.com","body","https://zdrbs.com – You need to Skyrocket your Ahrefs DR, Moz DA, and Majestic TF with real PBN, Guest posts, and premium backlinks—competitors trust us, why not you? Pay after work! Visit SeoBoost.agency now!","anchor","","False","","","","False","","","E","E","E","","","","","","3"
"https://isonade.pages.dev/09/LavaTGufYm","200","True","True","https://zdrbs.com","body","zdrbs.com","anchor","","False","","","","False","","","E","E","C-","","","","","","3"
"https://zh.teknopedia.teknokrat.ac.id/wiki/%E7%90%89%E7%90%83%E5%9C%8B","200","True","True","https://zdrbs.com","body","《册封琉球使之祭祀活动》","anchor","","False","","","","False","","","E","E","A+","","","","","","4"
"https://kensyouhan.hatenablog.jp/entry/20090303/1236058728","200","True","True","https://zdrbs.com","body","「中国の日本研究」","anchor","","False","","","","False","","","E","E","C","","","","","","4"
"https://enwikipedia.net/wiki/Japanese_missions_to_Imperial_China","200","True","True","https://zdrbs.com","body","中日交渉史料目録","anchor","","False","","","","False","","","E","E","C","","","","","","4"
"https://factpedia.org/wiki/%E7%90%89%E7%90%83%E5%9B%BD","200","True","True","https://zdrbs.com","body","《冊封琉球使之祭祀活動》","anchor","","False","","","","False","","","E","E","B-","","","","","","4"
"https://rankgrow.agency/risk-free-seo-backlinks-service-12223/","200","True","True","https://zdrbs.com","body","https://zdrbs.com – Increase your site’s backlinks and skyrocket your DA, DR, and TF with our expert SEO services—authentic dofollow backlinks, guest posts, and PBN links delivered by our team. Visit BuySeoLink.com to choose a plan, enjoy our pay-after-work model, and access 24/7 support!","anchor","","False","","","","False","","","E","E","E","","","","","","4"
"http://wenhua.kantsuu.com/200506/20050605064100_15520.shtml","200","True","True","https://zdrbs.com","body","浙江省中日関係史学会","anchor","","False","","","","False","","","E","E","A-","","","","","","4"
"http://wenhua.kantsuu.com/200506/20050605064100_15520.shtml","200","True","True","https://zdrbs.com","body","浙江工商大学日本文化研究所","anchor","","False","","","","False","","","E","E","A-","","","","","","4"
"https://no.wiki34.com/wiki/Misiones_japonesas_a_China_imperial","200","True","True","https://zdrbs.com","body","中日交渉史料目録","anchor","","False","","","","False","","","E","E","A+","","","","","","4"
"https://hu.wiki34.com/wiki/Misiones_japonesas_a_China_imperial","200","True","True","https://zdrbs.com","body","中日交渉史料目録","anchor","","False","","","","False","","","E","E","D+","","","","","","4"
"https://tr.wiki34.com/wiki/Misiones_japonesas_a_China_imperial","200","True","True","https://zdrbs.com","body","中日交渉史料目録","anchor","","False","","","","False","","","E","E","A+","","","","","","4"
"https://wikines.com/en/Japanese_missions_to_Imperial_China","200","True","True","https://zdrbs.com","body","中日交渉史料目録","anchor","","False","","","","False","","","E","E","A+","","","","","","5"
"https://ipfs.io/ipfs/QmXoypizjW3WknFiJnKLwHCnL72vedxjQkDDP1mXWo6uco/wiki/Japanese_missions_to_Imperial_China.html","200","True","True","https://zdrbs.com","body","中日交渉史料目録","anchor","","False","","","","False","","","E","E","A+","","","","","","5"
"https://onibi.cocolog-nifty.com/alain_leroy_/2009/07/post-e39c.html","200","True","True","https://zdrbs.com","body","「《水滸伝の文化誌》　第十六回　武松の墓を再訪して」","anchor","","False","","","","False","","","E","E","A+","","","","","","5"
"https://zh-two.iwiki.icu/wiki/%E7%90%89%E7%90%83%E5%9B%BD","200","True","True","https://zdrbs.com","body","《册封琉球使之祭祀活动》","anchor","","False","","","","False","","","E","E","C+","","","","","","5"
"http://tondemonai2.web.fc2.com/521.html","200","True","True","https://zdrbs.com","body","http://www.zdrbs.com/japanese/book/suikoden/17suikoden.htm","anchor","","False","","","","False","","","E","E","A+","","","","","","5"
"https://fduty.com/website-list-1203/","200","True","True","https://zdrbs.com","body","zdrbs","anchor","","False","","","","False","","","E","C-","B-","","","","","","5"
"https://zhongriguanxi.blogspot.com/2008/06/","200","True","True","https://zdrbs.com","body","（2）日本文化研究網（浙江工商大學）","anchor","","False","","","","False","","","E","E","E","","","","","","5"
"https://zhongriguanxi.blogspot.com/2007/12/","200","True","True","https://zdrbs.com","body","（2）日本文化研究網（浙江工商大學）","anchor","","False","","","","False","","","E","E","E","","","","","","5"
"https://zhongriguanxi.blogspot.com/2010/12/","200","True","True","https://zdrbs.com","body","（2）日本文化研究網（浙江工商大學）","anchor","","False","","","","False","","","E","E","E","","","","","","5"
"https://zhongriguanxi.blogspot.com/2010/","200","True","True","https://zdrbs.com","body","（2）日本文化研究網（浙江工商大學）","anchor","","False","","","","False","","","E","E","E","","","","","","5"
"https://zhongriguanxi.blogspot.com/2009/08/","200","True","True","https://zdrbs.com","body","（2）日本文化研究網（浙江工商大學）","anchor","","False","","","","False","","","E","E","E","","","","","","6"
"https://zhongriguanxi.blogspot.com/2009/01/","200","True","True","https://zdrbs.com","body","（2）日本文化研究網（浙江工商大學）","anchor","","False","","","","False","","","E","E","E","","","","","","6"
"https://zhongriguanxi.blogspot.com/2008/03/","200","True","True","https://zdrbs.com","body","（2）日本文化研究網（浙江工商大學）","anchor","","False","","","","False","","","E","E","E","","","","","","6"
"https://zhongriguanxi.blogspot.com/2008/12/","200","True","True","https://zdrbs.com","body","（2）日本文化研究網（浙江工商大學）","anchor","","False","","","","False","","","E","E","E","","","","","","6"
"https://zhongriguanxi.blogspot.com/2007/09/","200","True","True","https://zdrbs.com","body","（2）日本文化研究網（浙江工商大學）","anchor","","False","","","","False","","","E","E","E","","","","","","6"
"https://zhongriguanxi.blogspot.com/2007/11/","200","True","True","https://zdrbs.com","body","（2）日本文化研究網（浙江工商大學）","anchor","","False","","","","False","","","E","E","E","","","","","","6"
"https://zhongriguanxi.blogspot.com/2010/04/","200","True","True","https://zdrbs.com","body","（2）日本文化研究網（浙江工商大學）","anchor","","False","","","","False","","","E","E","E","","","","","","6"
"https://zhongriguanxi.blogspot.com/2008/09/","200","True","True","https://zdrbs.com","body","（2）日本文化研究網（浙江工商大學）","anchor","","False","","","","False","","","E","E","E","","","","","","6"
"https://zhongriguanxi.blogspot.com/2009/05/","200","True","True","https://zdrbs.com","body","（2）日本文化研究網（浙江工商大學）","anchor","","False","","","","False","","","E","E","E","","","","","","6"
"https://zhongriguanxi.blogspot.com/2008/","200","True","True","https://zdrbs.com","body","（2）日本文化研究網（浙江工商大學）","anchor","","False","","","","False","","","E","E","E","","","","","","6"
"https://zhongriguanxi.blogspot.com/2011/03/","200","True","True","https://zdrbs.com","body","（2）日本文化研究網（浙江工商大學）","anchor","","False","","","","False","","","E","E","E","","","","","","7"
"https://zhongriguanxi.blogspot.com/2007/","200","True","True","https://zdrbs.com","body","（2）日本文化研究網（浙江工商大學）","anchor","","False","","","","False","","","E","E","E","","","","","","7"
"https://zhongriguanxi.blogspot.com/2009/","200","True","True","https://zdrbs.com","body","（2）日本文化研究網（浙江工商大學）","anchor","","False","","","","False","","","E","E","E","","","","","","7"
"https://zhongriguanxi.blogspot.com/2011/","200","True","True","https://zdrbs.com","body","（2）日本文化研究網（浙江工商大學）","anchor","","False","","","","False","","","E","E","E","","","","","","7"
"https://zhongriguanxi.blogspot.com/2008/05/","200","True","True","https://zdrbs.com","body","（2）日本文化研究網（浙江工商大學）","anchor","","False","","","","False","","","E","E","E","","","","","","7"
"https://zhongriguanxi.blogspot.com/2009/02/","200","True","True","https://zdrbs.com","body","（2）日本文化研究網（浙江工商大學）","anchor","","False","","","","False","","","E","E","E","","","","","","7"
"https://zhongriguanxi.blogspot.com/2008/08/","200","True","True","https://zdrbs.com","body","（2）日本文化研究網（浙江工商大學）","anchor","","False","","","","False","","","E","E","E","","","","","","7"
"https://zhongriguanxi.blogspot.com/2010/09/","200","True","True","https://zdrbs.com","body","（2）日本文化研究網（浙江工商大學）","anchor","","False","","","","False","","","E","E","E","","","","","","7"
"https://zhongriguanxi.blogspot.com/","200","True","True","https://zdrbs.com","body","（2）日本文化研究網（浙江工商大學）","anchor","","False","","","","False","","","E","E","E","","","","","","7"
"https://zhongriguanxi.blogspot.com/2010/06/","200","True","True","https://zdrbs.com","body","（2）日本文化研究網（浙江工商大學）","anchor","","False","","","","False","","","E","E","E","","","","","","7"
"https://zhongriguanxi.blogspot.com/2010/07/","200","True","True","https://zdrbs.com","body","（2）日本文化研究網（浙江工商大學）","anchor","","False","","","","False","","","E","E","E","","","","","","8"
"https://zhongriguanxi.blogspot.com/2010/12/2010.html","200","True","True","https://zdrbs.com","body","（2）日本文化研究網（浙江工商大學）","anchor","","False","","","","False","","","E","E","E","","","","","","8"
"https://zhongriguanxi.blogspot.com/2008/05/day-2-day-3.html","200","True","True","https://zdrbs.com","body","（2）日本文化研究網（浙江工商大學）","anchor","","False","","","","False","","","E","E","E","","","","","","8"
"https://zhongriguanxi.blogspot.com/2011/03/2011311.html","200","True","True","https://zdrbs.com","body","（2）日本文化研究網（浙江工商大學）","anchor","","False","","","","False","","","E","E","E","","","","","","8"
"https://zhongriguanxi.blogspot.com/2007/11/blog-post_19.html","200","True","True","https://zdrbs.com","body","（2）日本文化研究網（浙江工商大學）","anchor","","False","","","","False","","","E","E","E","","","","","","8"
"https://zhongriguanxi.blogspot.com/2008/03/blog-post.html","200","True","True","https://zdrbs.com","body","（2）日本文化研究網（浙江工商大學）","anchor","","False","","","","False","","","E","E","E","","","","","","8"
"https://zhongriguanxi.blogspot.com/2007/10/blog-post.html","200","True","True","https://zdrbs.com","body","（2）日本文化研究網（浙江工商大學）","anchor","","False","","","","False","","","E","E","E","","","","","","8"
"https://zhongriguanxi.blogspot.com/2007/11/blog-post_25.html","200","True","True","https://zdrbs.com","body","（2）日本文化研究網（浙江工商大學）","anchor","","False","","","","False","","","E","E","E","","","","","","8"
"https://zhongriguanxi.blogspot.com/2008/05/day-1.html","200","True","True","https://zdrbs.com","body","（2）日本文化研究網（浙江工商大學）","anchor","","False","","","","False","","","E","E","E","","","","","","8"
"https://zhongriguanxi.blogspot.com/2007/09/blog-post.html","200","True","True","https://zdrbs.com","body","（2）日本文化研究網（浙江工商大學）","anchor","","False","","","","False","","","E","E","E","","","","","","8"
"https://zhongriguanxi.blogspot.com/2007/11/blog-post_24.html","200","True","True","https://zdrbs.com","body","（2）日本文化研究網（浙江工商大學）","anchor","","False","","","","False","","","E","E","E","","","","","","9"
"https://zhongriguanxi.blogspot.com/2007/10/blog-post_28.html","200","True","True","https://zdrbs.com","body","（2）日本文化研究網（浙江工商大學）","anchor","","False","","","","False","","","E","E","E","","","","","","9"
"https://zhongriguanxi.blogspot.com/2008/05/2008.html","200","True","True","https://zdrbs.com","body","（2）日本文化研究網（浙江工商大學）","anchor","","False","","","","False","","","E","E","E","","","","","","9"
"https://zhongriguanxi.blogspot.com/2009/02/blog-post.html","200","True","True","https://zdrbs.com","body","（2）日本文化研究網（浙江工商大學）","anchor","","False","","","","False","","","E","E","E","","","","","","9"
"https://zhongriguanxi.blogspot.com/2008/08/blog-post.html","200","True","True","https://zdrbs.com","body","（2）日本文化研究網（浙江工商大學）","anchor","","False","","","","False","","","E","E","E","","","","","","9"
"https://zhongriguanxi.blogspot.com/2010/12/2010_31.html","200","True","True","https://zdrbs.com","body","（2）日本文化研究網（浙江工商大學）","anchor","","False","","","","False","","","E","E","E","","","","","","9"
"https://zhongriguanxi.blogspot.com/2007/11/103_20.html","200","True","True","https://zdrbs.com","body","（2）日本文化研究網（浙江工商大學）","anchor","","False","","","","False","","","E","E","E","","","","","","9"
"https://zhongriguanxi.blogspot.com/2009/08/blog-post.html","200","True","True","https://zdrbs.com","body","（2）日本文化研究網（浙江工商大學）","anchor","","False","","","","False","","","E","E","E","","","","","","9"
"https://zhongriguanxi.blogspot.com/2007/12/blog-post.html","200","True","True","https://zdrbs.com","body","（2）日本文化研究網（浙江工商大學）","anchor","","False","","","","False","","","E","E","E","","","","","","9"
"https://zhongriguanxi.blogspot.com/2008/06/blog-post.html","200","True","True","https://zdrbs.com","body","（2）日本文化研究網（浙江工商大學）","anchor","","False","","","","False","","","E","E","E","","","","","","9"
"https://zhongriguanxi.blogspot.com/2009/03/blog-post_07.html","200","True","True","https://zdrbs.com","body","（2）日本文化研究網（浙江工商大學）","anchor","","False","","","","False","","","E","E","E","","","","","","10"
"https://zhongriguanxi.blogspot.com/2009/05/blog-post.html","200","True","True","https://zdrbs.com","body","（2）日本文化研究網（浙江工商大學）","anchor","","False","","","","False","","","E","E","E","","","","","","10"
"https://zhongriguanxi.blogspot.com/2007/09/2007.html","200","True","True","https://zdrbs.com","body","（2）日本文化研究網（浙江工商大學）","anchor","","False","","","","False","","","E","E","E","","","","","","10"
"https://zhongriguanxi.blogspot.com/2010/07/blog-post.html","200","True","True","https://zdrbs.com","body","（2）日本文化研究網（浙江工商大學）","anchor","","False","","","","False","","","E","E","E","","","","","","10"
"https://zhongriguanxi.blogspot.com/2010/04/blog-post.html","200","True","True","https://zdrbs.com","body","（2）日本文化研究網（浙江工商大學）","anchor","","False","","","","False","","","E","E","E","","","","","","10"
"https://zhongriguanxi.blogspot.com/2007/12/blog-post_27.html","200","True","True","https://zdrbs.com","body","（2）日本文化研究網（浙江工商大學）","anchor","","False","","","","False","","","E","E","E","","","","","","10"
"https://zhongriguanxi.blogspot.com/2007/11/blog-post.html","200","True","True","https://zdrbs.com","body","（2）日本文化研究網（浙江工商大學）","anchor","","False","","","","False","","","E","E","E","","","","","","10"
"https://zhongriguanxi.blogspot.com/2007/11/blog-post_21.html","200","True","True","https://zdrbs.com","body","（2）日本文化研究網（浙江工商大學）","anchor","","False","","","","False","","","E","E","E","","","","","","10"
"https://zhongriguanxi.blogspot.com/2010/09/20109.html","200","True","True","https://zdrbs.com","body","（2）日本文化研究網（浙江工商大學）","anchor","","False","","","","False","","","E","E","E","","","","","","10"
"https://zhongriguanxi.blogspot.com/2007/09/blog-post_26.html","200","True","True","https://zdrbs.com","body","（2）日本文化研究網（浙江工商大學）","anchor","","False","","","","False","","","E","E","E","","","","","","10"
"https://zhongriguanxi.blogspot.com/2009/02/blog-post_07.html","200","True","True","https://zdrbs.com","body","（2）日本文化研究網（浙江工商大學）","anchor","","False","","","","False","","","E","E","E","","","","","","11"
"https://zhongriguanxi.blogspot.com/2010/07/blog-post_18.html","200","True","True","https://zdrbs.com","body","（2）日本文化研究網（浙江工商大學）","anchor","","False","","","","False","","","E","E","E","","","","","","11"
"https://zhongriguanxi.blogspot.com/2009/01/blog-post_11.html","200","True","True","https://zdrbs.com","body","（2）日本文化研究網（浙江工商大學）","anchor","","False","","","","False","","","E","E","E","","","","","","11"
"https://zhongriguanxi.blogspot.com/2007/11/blog-post_09.html","200","True","True","https://zdrbs.com","body","（2）日本文化研究網（浙江工商大學）","anchor","","False","","","","False","","","E","E","E","","","","","","11"
"https://zhongriguanxi.blogspot.com/2009/01/blog-post.html","200","True","True","https://zdrbs.com","body","（2）日本文化研究網（浙江工商大學）","anchor","","False","","","","False","","","E","E","E","","","","","","11"
"https://zhongriguanxi.blogspot.com/2007/11/q.html","200","True","True","https://zdrbs.com","body","（2）日本文化研究網（浙江工商大學）","anchor","","False","","","","False","","","E","E","E","","","","","","11"
"https://zhongriguanxi.blogspot.com/2007/10/blog-post_19.html","200","True","True","https://zdrbs.com","body","（2）日本文化研究網（浙江工商大學）","anchor","","False","","","","False","","","E","E","E","","","","","","11"
"https://zhongriguanxi.blogspot.com/2007/09/blog-post_23.html","200","True","True","https://zdrbs.com","body","（2）日本文化研究網（浙江工商大學）","anchor","","False","","","","False","","","E","E","E","","","","","","11"
"https://zhongriguanxi.blogspot.com/2008/05/blog-post.html","200","True","True","https://zdrbs.com","body","（2）日本文化研究網（浙江工商大學）","anchor","","False","","","","False","","","E","E","E","","","","","","11"
"https://zhongriguanxi.blogspot.com/2009/03/blog-post.html","200","True","True","https://zdrbs.com","body","（2）日本文化研究網（浙江工商大學）","anchor","","False","","","","False","","","E","E","E","","","","","","11"
"https://zhongriguanxi.blogspot.com/2008/12/blog-post.html","200","True","True","https://zdrbs.com","body","（2）日本文化研究網（浙江工商大學）","anchor","","False","","","","False","","","E","E","E","","","","","","12"
"https://zhongriguanxi.blogspot.com/2009/03/2009.html","200","True","True","https://zdrbs.com","body","（2）日本文化研究網（浙江工商大學）","anchor","","False","","","","False","","","E","E","E","","","","","","12"
"https://zhongriguanxi.blogspot.com/2007/11/blog-post_04.html","200","True","True","https://zdrbs.com","body","（2）日本文化研究網（浙江工商大學）","anchor","","False","","","","False","","","E","E","E","","","","","","12"
"https://zhongriguanxi.blogspot.com/2007/10/blog-post_27.html","200","True","True","https://zdrbs.com","body","（2）日本文化研究網（浙江工商大學）","anchor","","False","","","","False","","","E","E","E","","","","","","12"
"https://zhongriguanxi.blogspot.com/2010/06/blog-post.html","200","True","True","https://zdrbs.com","body","（2）日本文化研究網（浙江工商大學）","anchor","","False","","","","False","","","E","E","E","","","","","","12"
"https://zhongriguanxi.blogspot.com/2009/01/blog-post_17.html","200","True","True","https://zdrbs.com","body","（2）日本文化研究網（浙江工商大學）","anchor","","False","","","","False","","","E","E","E","","","","","","12"
"https://zhongriguanxi.blogspot.com/2008/09/blog-post.html","200","True","True","https://zdrbs.com","body","（2）日本文化研究網（浙江工商大學）","anchor","","False","","","","False","","","E","E","E","","","","","","12"
"https://zhongriguanxi.blogspot.com/2009/02/blog-post_08.html","200","True","True","https://zdrbs.com","body","（2）日本文化研究網（浙江工商大學）","anchor","","False","","","","False","","","E","E","E","","","","","","12"
"https://zhongriguanxi.blogspot.com/2007/11/blog-post_02.html","200","True","True","https://zdrbs.com","body","（2）日本文化研究網（浙江工商大學）","anchor","","False","","","","False","","","E","E","E","","","","","","12"
"https://zhongriguanxi.blogspot.com/2009/08/57.html","200","True","True","https://zdrbs.com","body","（2）日本文化研究網（浙江工商大學）","anchor","","False","","","","False","","","E","E","E","","","","","","12"
"https://zhongriguanxi.blogspot.com/2008/12/blog-post_20.html","200","True","True","https://zdrbs.com","body","（2）日本文化研究網（浙江工商大學）","anchor","","False","","","","False","","","E","E","E","","","","","","13"
"https://zhongriguanxi.blogspot.com/2007/11/blog-post_26.html","200","True","True","https://zdrbs.com","body","（2）日本文化研究網（浙江工商大學）","anchor","","False","","","","False","","","E","E","E","","","","","","13"
"https://kompromat100.info/dom-id-aa6f9b2dfa4cb8c41bc57c0d1c74d724.html","200","True","True","https://zdrbs.com","body","zdrbs.com","anchor","","False","","","","False","","","E","E","C+","","","","","","13"
"https://www.pediainside.com/wiki/%E7%90%89%E7%90%83%E5%9B%BD","200","True","True","https://zdrbs.com","body","《冊封琉球使之祭祀活動》","anchor","","False","","","","False","","","E","E","C","","","","","","13"
"https://www.seo-tip.com/domain.php?part=04/25/2025/402","200","True","True","https://zdrbs.com","body","https://www.seo-tip.com/domain.php?part=04/25/2025/402","image","","False","","","","False","","","E","E","B-","","","","","","13"
"https://moviesrock.nl/items-9732c262bf546bacf0c059bf484b92bd","200","True","True","https://zdrbs.com","body","zdrbs.com","anchor","","False","","","","False","","","E","E","E","","","","","","13"
"https://mundotecnologia.info/5fe4814839a6a08f774008934f34631e-domains.html","200","True","True","https://zdrbs.com","body","zdrbs.com","anchor","","False","","","","False","","","E","E","C-","","","","","","13"
"https://vickys.design/domain.php?part=04/25/2025/402","200","True","True","https://zdrbs.com","body","https://vickys.design/domain.php?part=04/25/2025/402","image","","False","","","","False","","","E","E","C-","","","","","","13"
"http://yab.o.oo7.jp/kounan.html","200","True","True","https://zdrbs.com","body","「《水滸伝の文化誌》　第十六回　武松の墓を再訪して」","anchor","","False","","","","False","","","E","C","A","","","","","","13"
"https://zh.teknopedia.teknokrat.ac.id/wiki/%E7%90%89%E7%90%83%E5%9B%BD","200","True","True","https://zdrbs.com","body","《册封琉球使之祭祀活动》","anchor","","False","","","","False","","","E","E","A+","","","","","","13"
"https://ergngevd.top/wiki/Japanese_missions_to_Imperial_China","200","True","True","https://zdrbs.com","body","中日交渉史料目録","anchor","","False","","","","False","","","E","E","B","","","","","","14"
"https://athens-escorts.info/b7aeba029e7833bebeec8ba551e395de-list.html","200","True","True","https://zdrbs.com","body","zdrbs.com","anchor","","False","","","","False","","","E","E","B+","","","","","","14"
"https://www.wikizero.org/wiki/en/Japanese_missions_to_Imperial_China","200","True","True","https://zdrbs.com","body","中日交渉史料目録","anchor","","False","","","","False","","","E","E","C+","","","","","","14"
"https://www.factpedia.org/wiki/%E7%90%89%E7%90%83%E5%9B%BD","200","True","True","https://zdrbs.com","body","《冊封琉球使之祭祀活動》","anchor","","False","","","","False","","","E","E","B-","","","","","","14"
"https://www.marefa.org/%D8%A7%D9%84%D8%A8%D8%B9%D8%AB%D8%A7%D8%AA_%D8%A7%D9%84%D9%8A%D8%A7%D8%A8%D8%A7%D9%86%D9%8A%D8%A9_%D8%A5%D9%84%D9%89_%D8%A7%D9%84%D8%B5%D9%8A%D9%86_%D8%A7%D9%84%D8%A7%D9%85%D8%A8%D8%B1%D8%A7%D8%B7%D9%88%D8%B1%D9%8A%D8%A9","200","True","True","https://zdrbs.com","body","中日交渉史料目録","anchor","","False","","","","False","","","E","D","A+","","","","","","14"
"https://gateway.ipfs.cybernode.ai/ipfs/QmXoypizjW3WknFiJnKLwHCnL72vedxjQkDDP1mXWo6uco/wiki/Imperial_embassies_to_China.html","200","True","True","https://zdrbs.com","body","中日交渉史料目録","anchor","","False","","","","False","","","E","E","C","","","","","","14"
"https://prolinkbox.com/boost-da-dr-tf-with-refill-guarantee-3251/","200","True","True","https://zdrbs.com","body","zdrbs.com","anchor","","False","","","","False","","","E","E","C+","","","","","","14"
"https://what-happens-next.xyz/list-3ac2883719dc0e74a6bcc3ea300bbd66","200","True","True","https://zdrbs.com","body","zdrbs.com","anchor","","False","","","","False","","","E","E","E","","","","","","14"
"https://pediainside.com/wiki/%E7%90%89%E7%90%83%E5%9B%BD","200","True","True","https://zdrbs.com","body","《冊封琉球使之祭祀活動》","anchor","","False","","","","False","","","E","E","C","","","","","","14"
"https://browseallexpireddomains.us/c6c0cd864bb6fbfeb7a3458e76f44cb9-view.html","200","True","True","https://zdrbs.com","body","zdrbs.com","anchor","","False","","","","False","","","E","E","C+","","","","","","14"
"https://dr70-links.co.uk/show-1cc5b85fc9e96f1772c010d0e89fe1c8","200","True","True","https://zdrbs.com","body","zdrbs.com","anchor","","False","","","","False","","","E","E","E","","","","","","15"
"https://worldwidetopsite.com/website-list-1203/","200","True","True","https://zdrbs.com","body","zdrbs","anchor","","False","","","","False","","","E","E","B","","","","","","15"
"https://thebestbacklinksavailable.click/752eff684a62c99b81fb420ab077fc17-items","200","True","True","https://zdrbs.com","body","zdrbs.com","anchor","","False","","","","False","","","E","E","C-","","","","","","15"
"https://dewiki.one/wiki/Japanese_missions_to_Imperial_China","200","True","True","https://zdrbs.com","body","中 日 交 渉 史料 目録","anchor","","False","","","","False","","","E","E","E","","","","","","15"
"https://backlinkup.co/domain/list.php?part=2024/02/07/350","200","True","True","https://zdrbs.com","body","https://backlinkup.co/domain/list.php?part=2024/02/07/350","image","","False","","","","False","","","E","D+","A","","","","","","15"
"https://indiatodays.in/list.php?part=2024/02/07/350","200","True","True","https://zdrbs.com","body","https://indiatodays.in/list.php?part=2024/02/07/350","image","","False","","","","False","","","E","D","A-","","","","","","15"
"https://openarticle.in/domain/list.php?part=2024/02/07/350","200","True","True","https://zdrbs.com","body","https://openarticle.in/domain/list.php?part=2024/02/07/350","image","","False","","","","False","","","E","D","A-","","","","","","15"
"https://anhducwiki3.blogspot.com/2023/01/japanese-missions-to-imperial-china.html","200","True","True","https://zdrbs.com","body","中日交渉史料目録","anchor","","False","","","","False","","","E","E","E","","","","","","15"
"https://jbbs.shitaraba.net/bbs/read.cgi/study/9677/1218869598/","200","True","True","https://zdrbs.com","body","http://www.zdrbs.com/bbs/archiver/showtopic-5.aspx","anchor","","False","","","","False","","","E","E","A+","","","","","","15"
"https://great-choice-for-pbn-domains.co.uk/2c09debff6507082ccbb307e663e7ff1-str","200","True","True","https://zdrbs.com","body","zdrbs.com","anchor","","False","","","","False","","","E","E","D+","","","","","","15"
"https://pediainside.com/index.php?title=%E7%90%89%E7%90%83%E5%9B%BD&variant=zh-hant&mobileaction=toggle_view_mobile","200","True","True","https://zdrbs.com","body","《冊封琉球使之祭祀活動》","anchor","","False","","","","False","","","E","E","C","","","","","","16"
"https://pediainside.com/index.php?title=%E7%90%89%E7%90%83%E5%9B%BD&variant=zh-hans&mobileaction=toggle_view_desktop","200","True","True","https://zdrbs.com","body","《册封琉球使之祭祀活动》","anchor","","False","","","","False","","","E","E","C","","","","","","16"
"https://pediainside.com/index.php?title=%E7%90%89%E7%90%83%E5%9B%BD&variant=zh&mobileaction=toggle_view_desktop","200","True","True","https://zdrbs.com","body","《册封琉球使之祭祀活动》","anchor","","False","","","","False","","","E","E","C","","","","","","16"
"https://you-found-the-hidden-link.xyz/list-ab3fba17d4e2613e57a2302c7e42fe43","200","True","True","https://zdrbs.com","body","zdrbs.com","anchor","","False","","","","False","","","E","E","E","","","","","","16"
"https://wiki-indonesia.club/wiki/Misi_Jepang_ke_Kekaisaran_Tiongkok","200","True","True","https://zdrbs.com","body","中日交渉史料目録 - Inventarisir pembicaraan Sejarah Tiongkok","anchor","","False","","","","False","","","E","E","C","","","","","","16"
"https://proseolinksdirectory.com/website-list-1203/","200","True","True","https://zdrbs.com","body","zdrbs","anchor","","False","","","","False","","","E","C","B","","","","","","16"
"https://linkodirectory.com/website-list-1203/","200","True","True","https://zdrbs.com","body","zdrbs","anchor","","False","","","","False","","","E","C-","B+","","","","","","16"
"https://digitalliterasi.com/Misi_Jepang_ke_Kekaisaran_Tiongkok","200","True","True","https://zdrbs.com","body","中日交渉史料目録 - Inventarisir pembicaraan Sejarah Tiongkok","anchor","","False","","","","False","","","E","E","A+","","","","","","16"
"https://holapedia.org/wiki/Misiones_japonesas_a_China_imperial","200","True","True","https://zdrbs.com","body","中日交渉史料目録","anchor","","False","","","","False","","","E","E","E","","","","","","16"
"https://yelpad.com/pushing-bad-data-googles-latest-black-eye/","200","True","True","https://zdrbs.com","body","zdrbs","anchor","","False","","","","False","","","E","E","B-","","","","","","16"
"https://drjack.world/report/538404","200","True","True","https://zdrbs.com","body","zdrbs.com","anchor","","False","","","","False","","","E","E","C+","","","","","","17"
"https://yoda.wiki/wiki/Japanese_missions_to_Imperial_China","200","True","True","https://zdrbs.com","body","中日交渉史料目録","anchor","","False","","","","False","","","E","E","C+","","","","","","17"
"https://pediainside.com/index.php?title=%E7%90%89%E7%90%83%E5%9B%BD&variant=zh-hant&mobileaction=toggle_view_desktop","200","True","True","https://zdrbs.com","body","《冊封琉球使之祭祀活動》","anchor","","False","","","","False","","","E","E","C","","","","","","17"
"https://global-websites.pages.dev/50/eyoWZVDCbY","200","True","True","https://zdrbs.com","body","zdrbs.com","anchor","","False","","","","False","","","E","E","C-","","","","","","17"
"https://global-websites.pages.dev/55/LavaTGufYm","200","True","True","https://zdrbs.com","body","zdrbs.com","anchor","","False","","","","False","","","E","E","C-","","","","","","17"
"https://ipfs.io/ipfs/QmXoypizjW3WknFiJnKLwHCnL72vedxjQkDDP1mXWo6uco/wiki/Imperial_embassies_to_China.html","200","True","True","https://zdrbs.com","body","中日交渉史料目録","anchor","","False","","","","False","","","E","E","A+","","","","","","17"
"https://global-ranks.pages.dev/50/eyoWZVDCbY","200","True","True","https://zdrbs.com","body","zdrbs.com","anchor","","False","","","","False","","","E","E","C+","","","","","","17"
"https://global-ranks.pages.dev/55/LavaTGufYm","200","True","True","https://zdrbs.com","body","zdrbs.com","anchor","","False","","","","False","","","E","E","C+","","","","","","17"
"https://bafybeiemxf5abjwjbikoz4mc3a3dla6ual3jsgpdr4cjr3oz3evfyavhwq.ipfs.dweb.link/wiki/Japanese_missions_to_Imperial_China.html","200","True","True","https://zdrbs.com","body","中日交渉史料目録","anchor","","False","","","","False","","","E","E","C+","","","","","","17"
"https://farleu.com/website-list-1203/","200","True","True","https://zdrbs.com","body","zdrbs","anchor","","False","","","","False","","","E","C","B","","","","","","17"
"https://ejjii.com/list.php?part=2024/02/07/350","200","True","True","https://zdrbs.com","body","https://ejjii.com/list.php?part=2024/02/07/350","image","","False","","","","False","","","E","D","A","","","","","","18"
"https://bitcoinmix.biz/domain/list.php?part=2024/02/07/350","200","True","True","https://zdrbs.com","body","https://bitcoinmix.biz/domain/list.php?part=2024/02/07/350","image","","False","","","","False","","","E","D","A","","","","","","18"
"http://es.knowledger.de/0373481/JapaneseMissionsToImperialChina","200","True","True","https://zdrbs.com","body","????????","anchor","","False","","","","False","","","E","E","B","","","","","","18"
"https://zhongriguanxi.blogspot.com/2007/10/","200","True","True","https://zdrbs.com","body","（2）日本文化研究網（浙江工商大學）","anchor","","False","","","","False","","","E","E","C-","","","","","","18"
"https://zhongriguanxi.blogspot.com/2009/03/","200","True","True","https://zdrbs.com","body","（2）日本文化研究網（浙江工商大學）","anchor","","False","","","","False","","","E","E","C-","","","","","","18"
"https://everything.explained.today/Japanese_missions_to_Imperial_China/","200","True","True","https://zdrbs.com","body","中日交渉史料目録","anchor","","False","","","","False","","","E","E","A","","","","","","18"
"https://www.wikizero.net/wiki/en/Imperial_Japanese_embassies_to_China","200","True","True","https://zdrbs.com","body","中日交渉史料目録","anchor","","False","","","","False","","","E","E","C","","","","","","18"
"https://linkanews.com/website-list-1203/","200","True","True","https://zdrbs.com","body","zdrbs","anchor","","False","","","","False","","","E","E","C","","","","","","18"
"https://gateway.ipfs.cybernode.ai/ipfs/QmXoypizjW3WknFiJnKLwHCnL72vedxjQkDDP1mXWo6uco/wiki/Japanese_missions_to_Imperial_China.html","200","True","True","https://zdrbs.com","body","中日交渉史料目録","anchor","","False","","","","False","","","E","E","C","","","","","","18"
"https://wiki-gateway.eudic.net/wikipedia_en/Japanese_missions_to_Imperial_China.html","200","True","True","https://zdrbs.com","body","中日交渉史料目録","anchor","","False","","","","False","","","E","E","A+","","","","","","18"
"https://sergechel.info/list-656b1b69b0fdd10dbe45cd47e6143e53","200","True","True","https://zdrbs.com","body","zdrbs.com","anchor","","False","","","","False","","","E","E","D+","","","","","","19"
"https://www.seo-tip.com/domain.php?part=02/07/2024/1","200","True","True","https://zdrbs.com","body","https://www.seo-tip.com/domain.php?part=02/07/2024/1","image","","False","","","","False","","","E","E","C+","","","","","","19"
"https://zh.wikipedia.org/wiki/%E7%90%89%E7%90%83%E5%9B%BD","200","True","True","https://zdrbs.com","body","《册封琉球使之祭祀活动》","anchor","","False","","","","False","","","E","C","A+","","","","","","19"
"https://wiwiwiki.kfd.me/wiki/%E7%90%89%E7%90%83%E5%9B%BD","200","True","True","https://zdrbs.com","body","《册封琉球使之祭祀活动》","anchor","","False","","","","False","","","E","E","B-","","","","","","19"
"https://p2k.stekom.ac.id/ensiklopedia/Misi_Jepang_ke_Kekaisaran_Tiongkok","200","True","True","https://zdrbs.com","body","中日交渉史料目録 - Inventarisir pembicaraan Sejarah Tiongkok","anchor","","False","","","","False","","","E","E","A-","","","","","","19"
"https://nzt.eth.link/wiki/Imperial_embassies_to_China.html","200","True","True","https://zdrbs.com","body","中日交渉史料目録","anchor","","False","","","","False","","","E","E","A","","","","","","19"
"https://nzt.eth.link/wiki/Imperial_Japanese_embassies_to_China.html","200","True","True","https://zdrbs.com","body","中日交渉史料目録","anchor","","False","","","","False","","","E","E","A","","","","","","19"
"https://kompromat100.info/dom-id-bbb8061dbd3d10fd27ea628c7d20a39f.html","200","True","True","https://zdrbs.com","body","zdrbs.com","anchor","","False","","","","False","","","E","E","C+","","","","","","19"
"https://agmermer.pro/bbb8061dbd3d10fd27ea628c7d20a39f-domains.html","200","True","True","https://zdrbs.com","body","zdrbs.com","anchor","","False","","","","False","","","E","E","D-","","","","","","19"
"https://goodnames.eth.limo/wiki/Japanese_missions_to_Imperial_China.html","200","True","True","https://zdrbs.com","body","中日交渉史料目録","anchor","","False","","","","False","","","E","E","A","","","","","","19"
"https://findatwiki.com/Japanese_missions_to_Imperial_China","200","True","True","https://zdrbs.com","body","中日交渉史料目録","anchor","","False","","","","False","","","E","E","B-","","","","","","20"
"https://teknopedia.teknokrat.ac.id/wiki/Misi_Jepang_ke_Kekaisaran_Tiongkok","200","True","True","https://zdrbs.com","body","ä¸­æ¥äº¤æ¸å²æç®é² - Inventarisir pembicaraan Sejarah Tiongkok","anchor","","False","","","","False","","","E","E","A+","","","","","","20"
"https://best-seo-domains.com/5e3b9eae4cc1b431f13684c00836dc2811aa6990/906d1729d541541801180e0434d2dcad3ea007d8","200","True","True","https://zdrbs.com","body","zdrbs.com","anchor","","False","","","","False","","","E","E","B+","","","","","","20"
"https://wiki2.org/es/Misiones_japonesas_a_China_imperial","200","True","True","https://zdrbs.com","body","中日交渉史料目録","anchor","","False","","","","False","","","E","E","B+","","","","","","20"
"https://teknopedia.teknokrat.ac.id/wiki/Utusan_Kekaisaran_Jepang_ke_Tiongkok","200","True","True","https://zdrbs.com","body","ä¸­æ¥äº¤æ¸å²æç®é² - Inventarisir pembicaraan Sejarah Tiongkok","anchor","","False","","","","False","","","E","E","A+","","","","","","20"
"https://royalseohub.com/elevate-da-dr-tf-build-websites-results-first-pay-later-6914/","200","True","True","https://zdrbs.com","body","zdrbs.com","anchor","","False","","","","False","","","E","E","C+","","","","","","20"
"https://infogalactic.com/info/Japanese_missions_to_Imperial_China","200","True","True","https://zdrbs.com","body","中日交渉史料目録","anchor","","False","","","","False","","","E","E","A-","","","","","","20"
"https://prolinksdirectory.com/website-list-1203/","200","True","True","https://zdrbs.com","body","zdrbs","anchor","","False","","","","False","","","E","E","C+","","","","","","20"
"https://www.search.com.vn/wiki/zh/%E7%90%89%E7%90%83%E5%9C%8B","200","True","True","https://zdrbs.com","body","《册封琉球使之祭祀活动》","anchor","","False","","","","False","","","E","E","C-","","","","","","20"
"https://www.search.com.vn/wiki/zh/%E7%90%89%E7%90%83%E5%9B%BD","200","True","True","https://zdrbs.com","body","《册封琉球使之祭祀活动》","anchor","","False","","","","False","","","E","E","C-","","","","","","20"
"https://www.search.com.vn/wiki/zh/%E7%90%89%E7%90%83%E7%8E%8B%E5%9C%8B","200","True","True","https://zdrbs.com","body","《册封琉球使之祭祀活动》","anchor","","False","","","","False","","","E","E","C-","","","","","","21"
"https://webseodirectory.com/pushing-bad-data-googles-latest-black-eye/","200","True","True","https://zdrbs.com","body","zdrbs","anchor","","False","","","","False","","","E","E","B","","","","","","21"
"https://idwikipedia.org/wiki/Japanese_missions_to_Imperial_China","200","True","True","https://zdrbs.com","body","中日交渉史料目録","anchor","","False","","","","False","","","E","E","C+","","","","","","21"
"https://en.rua2h.fun/wiki/%E7%90%89%E7%90%83%E5%86%8C%E5%B0%81%E4%BD%BF%E5%88%97%E8%A1%A8","200","True","True","https://zdrbs.com","body","《册封琉球使之祭祀活动》","anchor","","False","","","","False","","","E","E","B-","","","","","","21"
"https://wiki2.org/en/Japanese_missions_to_Imperial_China","200","True","True","https://zdrbs.com","body","中日交渉史料目録","anchor","","False","","","","False","","","E","E","B+","","","","","","21"
"https://en.rua2h.fun/wiki/%E7%90%89%E7%90%83%E5%9B%BD","200","True","True","https://zdrbs.com","body","《册封琉球使之祭祀活动》","anchor","","False","","","","False","","","E","E","B-","","","","","","21"
"https://bafybeiemxf5abjwjbikoz4mc3a3dla6ual3jsgpdr4cjr3oz3evfyavhwq.ipfs.dweb.link/wiki/Imperial_Japanese_embassies_to_China.html","200","True","True","https://zdrbs.com","body","中日交渉史料目録","anchor","","False","","","","False","","","E","E","C+","","","","","","21"
"https://wiki.kfd.me/wiki/%E7%90%89%E7%90%83%E5%9B%BD","200","True","True","https://zdrbs.com","body","《册封琉球使之祭祀活动》","anchor","","False","","","","False","","","E","E","B-","","","","","","21"
"https://backlinkup.co/vcardfree/business-domain/2024-02-07-350.html","200","True","True","https://zdrbs.com","body","https://backlinkup.co/vcardfree/business-domain/2024-02-07-350.html","image","","False","","","","False","","","E","E","A-","","","","","","21"
"https://faucre.com/website-list-1203/","200","True","True","https://zdrbs.com","body","zdrbs","anchor","","False","","","","False","","","E","C-","B+","","","","","","21"
"https://goodnames.eth.link/wiki/Japanese_missions_to_Imperial_China.html","200","True","True","https://zdrbs.com","body","中日交渉史料目録","anchor","","False","","","","False","","","E","E","A","","","","","","22"
"http://everything.explained.today/Japanese_missions_to_Imperial_China/","200","True","True","https://zdrbs.com","body","中日交渉史料目録","anchor","","False","","","","False","","","E","E","A-","","","","","","22"
"https://businessnewses.com/website-list-1203/","200","True","True","https://zdrbs.com","body","zdrbs","anchor","","False","","","","False","","","E","E","C-","","","","","","22"
"https://driftseo.click/manual-seo-power-dofollow-backlinks-increase-dr-da-tf-pay-after-work-6933/","200","True","True","https://zdrbs.com","body","zdrbs.com","anchor","","False","","","","False","","","E","E","E","","","","","","22"
"https://driftseo.click/manual-seo-power-dofollow-backlinks-increase-dr-da-tf-pay-after-work-656/","200","True","True","https://zdrbs.com","body","zdrbs.com","anchor","","False","","","","False","","","E","E","E","","","","","","22"
"https://nzt.eth.link/wiki/Japanese_missions_to_Imperial_China.html","200","True","True","https://zdrbs.com","body","中日交渉史料目録","anchor","","False","","","","False","","","E","E","A","","","","","","22"
"https://www.wikizero.org/wiki/en/Imperial_embassies_to_China","200","True","True","https://zdrbs.com","body","中日交渉史料目録","anchor","","False","","","","False","","","E","E","C+","","","","","","22"
"https://megalodon.jp/ref/2009-1120-0155-07/www.zdrbs.com/japanese/speech/wy/06%E6%97%A5%E6%9C%AC%E6%96%87%E5%8C%96%E3%81%AE%E5%9B%BD%E9%9A%9B%E8%B2%A2%E7%8C%AE.htm","200","True","True","https://zdrbs.com","body","ホーム","anchor","","False","","","","False","","","E","E","A+","","","","","","22"
"https://megalodon.jp/ref/2009-1120-0155-07/www.zdrbs.com/japanese/speech/wy/06%E6%97%A5%E6%9C%AC%E6%96%87%E5%8C%96%E3%81%AE%E5%9B%BD%E9%9A%9B%E8%B2%A2%E7%8C%AE.htm","200","True","True","https://zdrbs.com","body","文集","anchor","","False","","","","False","","","E","E","A+","","","","","","22"
"https://megalodon.jp/ref/2009-1120-0155-07/www.zdrbs.com/japanese/speech/wy/06%E6%97%A5%E6%9C%AC%E6%96%87%E5%8C%96%E3%81%AE%E5%9B%BD%E9%9A%9B%E8%B2%A2%E7%8C%AE.htm","200","True","True","https://zdrbs.com","body","図像","anchor","","False","","","","False","","","E","E","A+","","","","","","22"
"https://megalodon.jp/ref/2009-1120-0155-07/www.zdrbs.com/japanese/speech/wy/06%E6%97%A5%E6%9C%AC%E6%96%87%E5%8C%96%E3%81%AE%E5%9B%BD%E9%9A%9B%E8%B2%A2%E7%8C%AE.htm","200","True","True","https://zdrbs.com","body","講演目録へ","anchor","","False","","","","False","","","E","E","A+","","","","","","23"
"https://megalodon.jp/ref/2009-1120-0155-07/www.zdrbs.com/japanese/speech/wy/06%E6%97%A5%E6%9C%AC%E6%96%87%E5%8C%96%E3%81%AE%E5%9B%BD%E9%9A%9B%E8%B2%A2%E7%8C%AE.htm","200","True","True","https://zdrbs.com","body","ニュース","anchor","","False","","","","False","","","E","E","A+","","","","","","23"
"https://megalodon.jp/ref/2009-1120-0155-07/www.zdrbs.com/japanese/speech/wy/06%E6%97%A5%E6%9C%AC%E6%96%87%E5%8C%96%E3%81%AE%E5%9B%BD%E9%9A%9B%E8%B2%A2%E7%8C%AE.htm","200","True","True","https://zdrbs.com","body","論文","anchor","","False","","","","False","","","E","E","A+","","","","","","23"
"https://megalodon.jp/ref/2009-1120-0155-07/www.zdrbs.com/japanese/speech/wy/06%E6%97%A5%E6%9C%AC%E6%96%87%E5%8C%96%E3%81%AE%E5%9B%BD%E9%9A%9B%E8%B2%A2%E7%8C%AE.htm","200","True","True","https://zdrbs.com","body","随筆","anchor","","False","","","","False","","","E","E","A+","","","","","","23"
"https://megalodon.jp/ref/2009-1120-0155-07/www.zdrbs.com/japanese/speech/wy/06%E6%97%A5%E6%9C%AC%E6%96%87%E5%8C%96%E3%81%AE%E5%9B%BD%E9%9A%9B%E8%B2%A2%E7%8C%AE.htm","200","True","True","https://zdrbs.com","body","書籍","anchor","","False","","","","False","","","E","E","A+","","","","","","23"
"https://megalodon.jp/ref/2009-1120-0155-07/www.zdrbs.com/japanese/speech/wy/06%E6%97%A5%E6%9C%AC%E6%96%87%E5%8C%96%E3%81%AE%E5%9B%BD%E9%9A%9B%E8%B2%A2%E7%8C%AE.htm","200","True","True","https://zdrbs.com","body","講演","anchor","","False","","","","False","","","E","E","A+","","","","","","23"
"https://www.search.com.vn/wiki/en/Japanese_missions_to_Imperial_China","200","True","True","https://zdrbs.com","body","中日交渉史料目録","anchor","","False","","","","False","","","E","E","C","","","","","","23"
"https://www.search.com.vn/wiki/en/Imperial_Japanese_embassies_to_China","200","True","True","https://zdrbs.com","body","中日交渉史料目録","anchor","","False","","","","False","","","E","E","C","","","","","","23"
"https://wikithot.com/en/Japanese_missions_to_Imperial_China","200","True","True","https://zdrbs.com","body","中日交渉史料目録","anchor","","False","","","","False","","","E","E","A+","","","","","","23"
"https://scientiaes.com/Misiones_japonesas_a_China_imperial","200","True","True","https://zdrbs.com","body","中日交渉史料目録","anchor","","False","","","","False","","","E","E","A+","","","","","","23"
"https://wayseodirectory.com/pushing-bad-data-googles-latest-black-eye/","200","True","True","https://zdrbs.com","body","zdrbs","anchor","","False","","","","False","","","E","C-","B-","","","","","","24"
"https://ewikibg.top/wiki/Japanese_missions_to_Imperial_China","200","True","True","https://zdrbs.com","body","中日交渉史料目録","anchor","","False","","","","False","","","E","E","C+","","","","","","24"
"https://yercum.com/website-list-1203/","200","True","True","https://zdrbs.com","body","zdrbs","anchor","","False","","","","False","","","E","C-","B+","","","","","","24"
"https://globalseodirectory.com/pushing-bad-data-googles-latest-black-eye/","200","True","True","https://zdrbs.com","body","zdrbs","anchor","","False","","","","False","","","E","C-","B","","","","","","24"
"https://www.wikizero.net/wiki/en/Imperial_embassies_to_China","200","True","True","https://zdrbs.com","body","中日交渉史料目録","anchor","","False","","","","False","","","E","E","C+","","","","","","24"
"https://justapedia.org/wiki/Japanese_missions_to_Imperial_China","200","True","True","https://zdrbs.com","body","中日交渉史料目録","anchor","","False","","","","False","","","E","E","C+","","","","","","24"
"https://www.wikizero.org/wiki/zh/%E7%90%89%E7%90%83%E7%8E%8B%E5%9C%8B","200","True","True","https://zdrbs.com","body","《册封琉球使之祭祀活动》","anchor","","False","","","","False","","","E","E","B-","","","","","","24"
"https://bestencyclopedia.com/Japanese_missions_to_Imperial_China","200","True","True","https://zdrbs.com","body","中日交渉史料目録","anchor","","False","","","","False","","","E","E","A+","","","","","","24"
"https://www.wikiwand.com/zh-hk/%E7%90%89%E7%90%83%E5%9B%BD","200","True","True","https://zdrbs.com","body","《冊封琉球使之祭祀活動》","anchor","","False","","","","False","","","E","E","A+","","","","","","24"
"https://www.wikiwand.com/zh-mo/%E7%90%89%E7%90%83%E5%9B%BD","200","True","True","https://zdrbs.com","body","《冊封琉球使之祭祀活動》","anchor","","False","","","","False","","","E","E","A+","","","","","","24"
"https://wikipediaes.1eye.us/wiki/Misiones_japonesas_a_China_imperial","200","True","True","https://zdrbs.com","body","中日交渉史料目録","anchor","","False","","","","False","","","E","E","C+","","","","","","25"
"https://www.wikiwand.com/zh-tw/%E7%90%89%E7%90%83%E5%9B%BD","200","True","True","https://zdrbs.com","body","《冊封琉球使之祭祀活動》","anchor","","False","","","","False","","","E","E","A+","","","","","","25"
"https://www.wikizero.org/wiki/zh/%E7%90%89%E7%90%83%E5%9C%8B","200","True","True","https://zdrbs.com","body","《册封琉球使之祭祀活动》","anchor","","False","","","","False","","","E","E","B-","","","","","","25"
"https://suohk.com/website-list-1203/","200","True","True","https://zdrbs.com","body","zdrbs","anchor","","False","","","","False","","","E","E","B-","","","","","","25"
"https://wikipedia.1eye.us/wiki/Japanese_missions_to_Imperial_China","200","True","True","https://zdrbs.com","body","中日交渉史料目録","anchor","","False","","","","False","","","E","E","C+","","","","","","25"
"https://idyler.com/website-list-1203/","200","True","True","https://zdrbs.com","body","zdrbs","anchor","","False","","","","False","","","E","C-","B","","","","","","25"
"https://demo.azizisearch.com/lite/wikipedia/page/Imperial_embassies_to_China","200","True","True","https://zdrbs.com","body","中日交渉史料目録","anchor","","False","","","","False","","","E","E","B","","","","","","25"
"https://wikipedia2006.classicistranieri.com/zh/%E7%90%89/%E7%90%83/%E5%86%8C/%E7%90%89%E7%90%83%E5%86%8C%E5%B0%81%E4%BD%BF%E5%88%97%E8%A1%A8.html","200","True","True","https://zdrbs.com","body","《册封琉球使之祭祀活动》","anchor","","False","","","","False","","","E","E","A","","","","","","25"
"https://wikipedia2006.classicistranieri.com/zh/%E7%90%89/%E7%90%83/%E5%9B%BD/%E7%90%89%E7%90%83%E5%9B%BD.html","200","True","True","https://zdrbs.com","body","《册封琉球使之祭祀活动》","anchor","","False","","","","False","","","E","E","A","","","","","","25"
"https://rao5s.vn/vcardfree/business-domain/2024-02-07-350.html","200","True","True","https://zdrbs.com","body","https://rao5s.vn/vcardfree/business-domain/2024-02-07-350.html","image","","False","","","","False","","","E","E","A-","","","","","","25"
"https://wiki-gateway.eudic.net/wikipedia_en/Imperial_Japanese_embassies_to_China.html","200","True","True","https://zdrbs.com","body","中日交渉史料目録","anchor","","False","","","","False","","","E","E","A+","","","","","","26"
"https://wikines.com/es/Misiones_japonesas_a_China_imperial","200","True","True","https://zdrbs.com","body","中日交渉史料目録","anchor","","False","","","","False","","","E","D-","A+","","","","","","26"
"http://www.mcycn.com/index.html","200","True","True","https://zdrbs.com","body","久久久之久亚州精品露出","anchor","","False","","","","False","","","E","E","C","","","","","","26"
"https://wikiterminal.com/es/Misiones_japonesas_a_China_imperial","200","True","True","https://zdrbs.com","body","中日交渉史料目録","anchor","","False","","","","False","","","E","E","A+","","","","","","26"
"https://www.best-seo-domains.com/5e3b9eae4cc1b431f13684c00836dc2811aa6990/906d1729d541541801180e0434d2dcad3ea007d8","200","True","True","https://zdrbs.com","body","zdrbs.com","anchor","","False","","","","False","","","E","E","B+","","","","","","26"
"https://wikizero.com/en/Japanese_missions_to_Imperial_China","200","True","True","https://zdrbs.com","body","中日交渉史料目録","anchor","","False","","","","False","","","E","E","B+","","","","","","26"
"https://alphapedia.ru/w/Japanese_missions_to_Imperial_China","200","True","True","https://zdrbs.com","body","中 日 交 渉 史料 目録","anchor","","False","","","","False","","","E","E","B-","","","","","","26"